day,daily_grid_import_kwh,daily_grid_export_kwh,daily_energy_cost_rs,daily_degradation_cost_rs,daily_net_cost_rs,daily_battery_throughput_kwh,final_daily_soc_percent,final_daily_soh_percent,capacity_loss_percent
1,28.840150966566306,9.553872370875066,202.05959061990524,25.30263165678892,227.36222227669413,16.86842110452594,19.999999822445204,99.98113157889547,0.01886842110452594
2,31.687611466628496,9.416653004794181,225.25093271864543,21.02763172166155,246.27856444030695,14.018421147774367,19.99999967531652,99.9651131577477,0.03488684225230031
3,31.68497998543289,9.388460310342623,225.31445895243525,21.027631748621094,246.34209070105632,14.018421165747398,19.999999616089934,99.94909473658196,0.0509052634180477
4,31.840633151588783,8.986544702922064,227.7654311039441,21.027631666205117,248.79306277014922,14.01842111080341,19.999999835821452,99.93307631547114,0.06692368452885113
5,31.682853389782515,8.862377168877401,226.87569561162795,21.02763172387904,247.90332733550696,14.018421149252696,19.99999966871384,99.91705789432189,0.08294210567810383
6,31.67893720265075,8.981714187733541,226.48635505800544,21.027631749404186,247.5139868074096,14.018421166269462,19.999999617516966,99.90103947315563,0.09896052684437327
7,31.67251207460031,8.967492718944019,226.4776184399704,21.027631714292227,247.50525015426265,14.018421142861488,19.999999748457967,99.88502105201277,0.11497894798723476
8,31.660286618490126,7.896569436371375,229.5925846388069,21.027631622543677,250.62021626135055,14.018421081695784,19.999999879485234,99.86900263093106,0.13099736906893047
9,31.66226210896708,8.833021858475806,226.7990312963092,21.02763164746227,247.82666294377154,14.018421098308181,19.999999881500298,99.85298420983277,0.1470157901672387
10,31.65653969656599,8.907575218669253,226.5295919165202,21.027631638557587,247.55722355507777,14.018421092371726,19.999999899248106,99.8369657887404,0.1630342112596105
11,31.632455094770947,9.577393826097293,224.32745927987568,21.027631609558533,245.35509088943422,14.018421073039026,19.999999939290618,99.82094736766734,0.1790526323326495
12,31.638960090622277,9.414294445697077,224.86879738788696,21.027631639237047,245.89642902712401,14.018421092824699,19.99999989548524,99.80492894657452,0.19507105342547423
13,31.621072074153034,9.554333586597844,224.30557583343077,21.027631613389303,245.33320744682007,14.018421075592869,19.99999993566885,99.78891052549893,0.2110894745010671
14,31.6225716312155,9.939078765782476,223.16333675237658,21.027631599556194,244.1909683519328,14.018421066370795,19.99999995683369,99.77289210443257,0.22710789556743793
15,31.587992956624255,9.912529327292443,222.96635567111673,21.02763159403036,243.9939872651471,14.018421062686901,19.999999967372815,99.75687368336988,0.2431263166301248
16,31.60599014827489,9.365452811692288,224.75156275112224,21.027631598864772,245.779194349987,14.018421065909848,19.99999996387885,99.74085526230397,0.2591447376960347
17,31.622152360401888,7.70001193246596,229.87718308581725,21.02763167767882,250.90481476349606,14.018421118452547,19.999999815164486,99.72483684118552,0.2751631588144873
18,31.588648592631714,9.956057909958512,222.84101501117814,21.02763160647047,243.86864661764866,14.018421070980317,19.999999920461217,99.70881842011453,0.2911815798854676
19,31.577239058713864,11.037701848777033,219.50480692337982,21.027631593521587,240.53243851690138,14.018421062347727,19.999999958463665,99.69279999905218,0.3072000009478153
20,31.83707284717751,7.229976379540819,233.00665363879762,21.027631860150073,254.03428549894767,14.01842124010005,19.999999362011465,99.67678157781208,0.3232184221879154
21,31.557625066538034,10.802731482695588,220.05280608421754,21.0276316670193,241.08043775123684,14.0184211113462,19.999999798653715,99.66076315670074,0.33923684329926157
22,31.55384706167707,10.513409789223775,220.89054712574523,21.027631610857103,241.91817873660236,14.018421073904737,19.99999991787537,99.64474473562683,0.35525526437316635
23,31.545761425575158,10.331345223599394,221.37205573380305,21.027631594016157,242.39968732781927,14.01842106267744,19.999999959696755,99.62872631456415,0.3712736854358438
24,31.53742948737613,10.857648569259583,219.7264901912303,21.027631588185656,240.75412177941593,14.018421058790437,19.99999997605386,99.61270789350537,0.3872921064946342
25,31.521378486093795,11.105325383699283,218.85505173765256,21.02763158577194,239.8826833234245,14.018421057181296,19.999999982707855,99.59668947244819,0.4033105275518154
26,31.511588620834623,11.041673411586768,218.96768873191667,21.02763158456784,239.99532031648454,14.018421056378566,19.999999985626864,99.58067105139182,0.41932894860819403
27,31.505144139303255,11.062503960953002,218.85364123156702,21.027631584211182,239.8812728157782,14.018421056140786,19.99999998677775,99.56465263033567,0.43534736966433474
28,31.522189419510497,10.120529171221802,221.8159278424186,21.027631584502302,242.84355942692088,14.018421056334866,19.99999998640564,99.54863420927933,0.4513657907206698
29,31.56523387773212,7.287847318308913,230.65832906693026,21.027631675895243,251.68596074282547,14.018421117263497,19.999999723149255,99.53261578816208,0.4673842118379333
30,31.487572712611666,10.993397825401146,218.92038822468993,21.02763161573509,239.94801984042502,14.018421077156724,19.99999989843655,99.51659736708491,0.4834026329150901
31,31.459007260235865,11.801797866318957,216.26666448293003,21.027631836687448,237.2942963196175,14.018421224458297,19.999999346661347,99.50057894586045,0.49942105413954846
32,31.461607308621904,10.787365632371083,219.33076157186198,21.027631656056613,240.35839322791858,14.018421104037746,19.9999998070539,99.48456052475642,0.515439475243586
33,31.451803136875114,11.105727212550708,218.2972434573488,21.02763160516742,239.32487506251624,14.018421070111614,19.999999924007717,99.4685421036863,0.5314578963136976
34,31.486399096837467,8.791328354578637,225.51720771096382,21.02763159072746,246.5448393016913,14.018421060484975,19.99999996315113,99.45252368262581,0.5474763173741826
35,31.577438038984567,3.8579697653792486,241.0455950157388,21.02763161794111,262.0732266336799,14.018421078627407,19.99999990237829,99.4365052615472,0.56349473845281
36,31.449979899876343,9.337956677230002,223.58596916732068,21.027631607172303,244.61360077449305,14.018421071448206,19.999999945294103,99.42048684047575,0.5795131595242581
37,31.42428606479482,9.847093885871857,221.853006860743,21.02763158785705,242.88063844860005,14.018421058571366,19.99999997121405,99.40446841941717,0.5955315805828294
38,31.38952352834903,11.086678081035942,217.8561539836844,21.027631778821068,238.88378576250545,14.018421185880715,19.99999943238919,99.3884499982313,0.61155000176871
39,31.373251894243626,12.152147013509094,214.52957411342172,21.02763162665196,235.55720574007367,14.018421084434644,19.999999845732983,99.37243157714686,0.6275684228531446
40,31.3588633029156,11.286333907213887,217.01190470168316,21.027631758363807,238.03953646004695,14.01842117224254,19.999999404984482,99.35641315597461,0.6435868440253874
41,30.462507140873623,12.060643441438167,207.51812680267452,21.02763162729724,228.54575842997173,14.018421084864828,19.999999844590775,99.34039473488974,0.6596052651102521
42,30.48474451585836,11.689014435882026,208.8109128192208,21.027631767163953,229.83854458638473,14.018421178109303,19.99999941812061,99.32437631371164,0.6756236862883614
43,30.495732715456388,11.306725429983892,210.0456854336994,21.02763163647924,231.0733170701787,14.018421090986163,19.999999832445507,99.30835789262066,0.6916421073793476
44,30.694502835363714,7.579787774061459,222.81665936072534,21.027631954967113,243.84429131569246,14.018421303311406,19.99999922474468,99.29233947131733,0.7076605286826589
45,30.55707439907446,11.158247429776512,210.98185290326612,21.02763164951222,232.00948455277836,14.018421099674814,19.999999806315767,99.27632105021766,0.7236789497823337
46,30.48173292471757,11.573782032526456,209.1325173001612,21.02763175530197,230.1601490554632,14.01842117020131,19.99999941761809,99.26030262904747,0.7396973709525348
47,30.455533839930528,12.128690559393398,207.25819904126405,21.02763162086125,228.2858306621253,14.018421080574168,19.99999985375051,99.2442842079669,0.755715792033109
48,30.473191653587055,11.726443175823935,208.60620370122464,21.027631743733593,229.6338354449582,14.018421162489062,19.999999454882055,99.2282657868044,0.771734213195598
49,30.52075017148576,11.718635676570793,209.0100943421737,21.02763162374703,230.03772596592074,14.018421082498023,19.99999985003842,99.21224736572191,0.7877526342780959
50,30.541570328531098,10.919689086943944,211.57349536741694,21.027631766947714,232.60112713436467,14.018421177965141,19.999999400119798,99.19622894454395,0.8037710554560608
51,30.52976839274242,11.523597643401228,209.6673542117357,21.027631627560442,230.69498583929612,14.018421085040291,19.99999984131603,99.1802105234589,0.8197894765411013
52,30.55491540446392,11.382895004050052,210.29063822356122,21.02763174736937,231.31826997093054,14.018421164912908,19.99999944085382,99.164192102294,0.8358078977060143
53,30.56159438133484,11.22306393434451,210.82356324764518,21.02763162527038,231.85119487291558,14.01842108351359,19.999999844829503,99.14817368121047,0.8518263187895277
54,31.00212120882218,6.499959344301123,228.51709163767407,21.027631619567355,249.54472325724146,14.018421079711567,19.999999924531362,99.13215526013076,0.8678447398692397
55,30.549926852544367,8.465816461901147,219.00196543465148,21.027631695208015,240.02959712985947,14.018421130138684,19.999999429890426,99.11613683900062,0.8838631609993781
56,30.490016825668896,12.246593925770599,207.18035282803942,21.02763170136054,228.2079845293999,14.018421134240361,19.999999337502736,99.10011841786638,0.899881582133618
57,30.605150933523667,8.02755845294859,220.75853210934355,21.027631772786076,241.7861638821296,14.018421181857384,19.99999965225573,99.08409999668453,0.9159000033154755
58,30.533434290909064,10.889372021297344,211.5993582633805,21.02763169758809,232.62698996096861,14.018421131725395,19.999999386499596,99.0680815755528,0.9319184244472006
59,30.435027848987744,12.99563238809558,204.49332562761526,21.027631706817196,225.52095733443244,14.018421137878132,19.999999336706058,99.05206315441492,0.947936845585079
60,31.149290351228814,7.781640030918075,225.8494027170763,21.027631903480042,246.87703462055634,14.018421268986696,19.999999189454712,99.03604473314593,0.9639552668540654
61,30.45483410469341,12.792392312661832,205.2614958995618,21.02763163140841,226.28912753097023,14.018421087605608,19.999999857976277,99.02002631205833,0.9799736879416712
62,30.460601409598528,12.516612901764546,206.13497257149456,21.027631676777652,227.16260424827223,14.01842111785177,19.999999565502257,99.00400789094049,0.995992109059523
63,30.459798171929958,12.626059647828034,205.8002064319556,21.027631702476967,226.82783813443254,14.018421134984642,19.9999994114945,98.9879894698055,1.0120105301945075
64,30.44649800861331,12.826339239282582,205.09296635105875,21.027631619014954,226.12059797007373,14.018421079343305,19.999999864023877,98.97197104872615,1.0280289512738507
65,30.43057822341291,12.892215291621783,204.7679799124379,21.02763169300405,225.795611605442,14.018421128669365,19.99999955806526,98.95595262759748,1.0440473724025197
66,30.40058858254251,13.308468831946573,203.27930216450036,21.02763172981699,224.30693389431735,14.018421153211326,19.999999402077997,98.93993420644426,1.060065793555731
67,30.401649767551085,13.205962680083886,203.595310100157,21.02763162196506,224.6229417221221,14.018421081310041,19.99999986563465,98.92391578536296,1.076084214637041
68,30.44535592825261,12.615233966549432,205.71714552637258,21.02763167601131,226.7447772023839,14.01842111734087,19.999999575409202,98.90789736424563,1.0921026357543817
69,30.47685512405385,12.181450968296419,207.27048808754154,21.027631708374425,228.29811979591597,14.018421138916288,19.999999404328015,98.8918789431067,1.1081210568932978
70,30.579663195831948,12.141338079717148,208.21329132750412,21.027631622375438,229.24092294987958,14.018421081583625,19.999999851159263,98.87586052202512,1.1241394779748817
71,30.60249670219259,11.888666200066835,209.15397501734017,21.027631764739084,230.18160678207926,14.018421176492724,19.99999945493186,98.85984210084862,1.1401578991513746
72,30.81201335900716,7.353684773559669,224.43505255137828,21.027631675429724,245.462684226808,14.018421116953146,19.999999467859844,98.84382367973167,1.1561763202683273
73,30.359019089234327,13.312368643648828,202.9350467829281,21.027631621348227,223.96267840427635,14.018421080898817,19.999999868450022,98.82780525865077,1.1721947413492257
74,30.377633287632424,13.158586838664387,203.5453057850662,21.027631707883174,224.5729374929494,14.018421138588781,19.99999955037191,98.81178683751219,1.1882131624878147
75,30.369012579286718,13.202759256968456,203.34382286338837,21.027631739703317,224.37145460309168,14.018421159802214,19.999999388345707,98.79576841635239,1.2042315836476165
76,30.377955751675234,12.938183174635002,204.20909648949691,21.027631624682947,225.23672811417984,14.018421083121961,19.99999986108411,98.77974999526926,1.220250004730738
77,30.379737884927394,12.801638326009252,204.63298810139148,21.027631705286076,225.6606198066775,14.018421136857386,19.99999954274173,98.76373157413241,1.2362684258675953
78,30.52335459003933,12.10806658511485,207.86263696497008,21.027631628232584,228.89026859320262,14.018421085488388,19.999999858728263,98.74771315304692,1.2522868469530843
79,30.51273247563789,12.022801674598762,208.03345478130683,21.02763178040488,229.06108656171168,14.018421186936585,19.999999427266236,98.73169473185997,1.2683052681400206
80,30.374668030244713,12.787584637108582,204.63459033063194,21.02763162103202,225.66222195166398,14.018421080688011,19.99999986548381,98.71567631077929,1.2843236892207086
81,30.34364137989121,13.007437809771673,203.72681760981467,21.027631712838755,224.75444932265344,14.018421141892503,19.999999542139378,98.6996578896374,1.3003421103626014
82,30.307052055776662,13.350408053056416,202.40519228704406,21.027631754161654,223.43282404120572,14.018421169441105,19.999999376411903,98.68363946846796,1.3163605315320424
83,30.32589899529004,13.05244808893315,203.44984769552082,21.02763162807419,224.477479323595,14.018421085382798,19.999999859385706,98.66762104738257,1.332378952617425
84,30.31160822573063,13.114889552321051,203.14819714888188,21.02763171678154,224.17582886566345,14.018421144521028,19.999999537719678,98.65160262623806,1.3483973737619463
85,30.284423145972937,13.3519030770395,202.21967593666497,21.0276317597468,223.24730769641178,14.018421173164533,19.99999936931044,98.63558420506489,1.3644157949351108
86,30.2691452872256,13.485506520356996,201.69664273673382,21.027631632787383,222.72427436952123,14.01842108852492,19.999999857963598,98.61956578397636,1.380434216023636
87,30.259011685865257,13.488351594204513,201.60703870430854,21.0276317256004,222.63467042990897,14.018421150400268,19.99999953668189,98.60354736282596,1.3964526371740362
88,30.258936784681786,13.383832658059521,201.91999630327572,21.0276317633972,222.94762806667296,14.01842117559813,19.99999936692895,98.58752894165038,1.4124710583496345
89,30.27482384689832,13.04172922188744,203.0734031095243,21.02763162940188,224.10103473892616,14.01842108626792,19.999999859462118,98.5715105205641,1.4284894794359027
90,30.300419552291295,11.931921278108653,206.60759258400444,21.027631705895203,227.6352242898996,14.01842113726347,19.999999521905316,98.55549209942683,1.4445079005731662
91,30.318390198358365,12.223297319048847,205.87722962972038,21.027631737149967,226.90486136687034,14.01842115809998,19.99999935468202,98.53947367826873,1.4605263217312665
92,30.562586513272457,9.260853735879099,216.71813089854234,21.027631623262327,237.74576252180464,14.018421082174887,19.999999833985736,98.52345525718655,1.4765447428134415
93,30.616712566631715,10.183068500041843,214.38449503292819,21.027631776597406,235.4121268095256,14.018421184398271,19.999999426635213,98.50743683600216,1.4925631639978398
94,30.416253245355023,9.219063472402894,215.67283554563147,21.027631720730938,236.70046726636247,14.018421147153962,19.999999295909202,98.491418414855,1.5085815851449935
95,30.28309917390271,12.381130896558329,205.12140070154666,21.027631633425656,226.14903233497233,14.018421088950436,19.999999849350367,98.47539999376606,1.524600006233944
96,30.36215625098898,10.82621435014355,210.41860695748113,21.02763160309964,231.4462385605808,14.018421068733092,19.999999935046127,98.45938157269732,1.5406184273026768
97,30.569055671397145,12.052272239444491,208.3956286528437,21.02763173335925,229.42326038620294,14.018421155572835,19.999999547097396,98.44336315154175,1.5566368484582496
98,30.084965367467678,12.653800841844403,202.71832041420816,21.027631762300363,223.74595217650852,14.018421174866912,19.99999935035785,98.42734473036688,1.572655269633117
99,30.08147313277951,12.196151277822446,204.06333122876876,21.027631628658966,225.09096285742774,14.018421085772644,19.99999985470487,98.41132630928111,1.5886736907188892
100,30.152214457820783,10.695164265010394,209.13222286753506,21.027631700539107,230.1598545680742,14.01842113369274,19.99999950996085,98.39530788814741,1.6046921118525819
101,30.167988952389514,11.999815293718111,205.34446573796177,21.02763162377198,226.37209736173372,14.018421082514653,19.999999863170636,98.37928946706491,1.6207105329350966
102,30.06635050163012,12.386119254483134,203.37244624959155,21.027631715806418,224.40007796539797,14.018421143870945,19.999999525885944,98.36327104592102,1.6367289540789671
103,30.02210133144593,12.833607364656864,201.67598855759684,21.027631760478258,222.7036203180751,14.018421173652172,19.99999935284409,98.34725262474738,1.6527473752526192
104,30.0050560027928,12.70833604732496,201.9154398803675,21.02763163148133,222.9430715118488,14.018421087654222,19.999999856632574,98.33123420365972,1.6687657963402727
105,30.01319932158817,12.5692929864765,202.39771561327586,21.027631723271696,223.42534733654756,14.018421148847796,19.999999518106172,98.31521578251088,1.6847842174891194
106,30.020643737101295,12.56168193711055,202.48010408547873,21.02763172723173,223.50773581271045,14.01842115148782,19.999999380432012,98.29919736135939,1.7008026386406077
107,30.061932778701443,11.00890112400825,207.4687588575868,21.02763162958496,228.49639048717174,14.018421086389974,19.99999984877219,98.283178940273,1.7168210597269977
108,29.97252080890566,11.010837762730798,206.74765318305288,21.027631715160965,227.77528489821387,14.018421143440644,19.999999490671613,98.26716051912956,1.7328394808704386
109,30.018762314699117,11.724187631637719,204.9775356226798,21.02763162316271,226.0051672458425,14.018421082108473,19.999999864836145,98.25114209804745,1.748857901952546
110,29.987043034757505,11.991826581838826,203.9208645325436,21.02763171245754,224.9484962450011,14.018421141638362,19.999999522633953,98.23512367690581,1.7648763230941846
111,29.968802116922536,12.194395801285241,203.16722953152455,21.027631618254603,224.19486114977917,14.0184210788364,19.999999870772,98.21910525582697,1.780894744173021
112,29.957434530353442,12.202270629628526,203.05266435394196,21.02763170713383,224.08029606107579,14.018421138089224,19.999999539455455,98.20308683468889,1.79691316531111
113,29.99731472442872,11.60790143109053,205.15481350215822,21.027631740130104,226.1824452422883,14.018421160086735,19.999999350071587,98.1870684135288,1.8129315864711968
114,29.969540985744473,11.877962248242499,204.1224411412283,21.027631629699293,225.15007277092758,14.0184210864662,19.99999985292755,98.17104999244233,1.8289500075576632
115,30.142660571094446,9.511307207507386,212.60736294623342,21.02763173536203,233.63499468159546,14.018421156908023,19.999999653593868,98.15503157128542,1.8449684287145722
116,30.18644927890939,0.4288317039321513,240.20509911947866,21.027631653218442,261.2327307726971,14.018421102145627,19.99999987314464,98.13901315018329,1.860986849816718
117,29.893312702400515,12.261078014680002,202.3632675751641,21.02763172867576,223.39089930383986,14.018421152450507,19.99999951322491,98.12299472903084,1.877005270969169
118,29.894154288072993,12.047447021017517,203.0108932415314,21.027631748836505,224.03852499036793,14.018421165891002,19.999999346023387,98.10697630786494,1.8930236921350603
119,29.98901938947615,11.3170304749641,205.96106369091692,21.027631618454972,226.9886953093719,14.01842107896998,19.9999998732772,98.09095788678597,1.9090421132140303
120,29.895116771777722,11.936168128933243,203.35242978742207,21.027631724010945,224.380061511433,14.018421149340634,19.999999519932825,98.07493946563662,1.9250605343633713
121,29.983232246289152,10.26537794068625,209.06972414825447,21.02763161429756,230.097355762552,14.018421076198383,19.99999986441135,98.05892104456044,1.9410789554395693
122,29.886529526437585,11.815354792730774,203.64617183330833,21.027631721871302,224.67380355517966,14.0184211479142,19.99999951087389,98.04290262341252,1.9570973765874842
123,29.905480665020974,11.846813422226314,203.7034050534889,21.02763161798892,224.73103667147777,14.01842107865928,19.999999869936637,98.02688420233385,1.9731157976661424
124,30.04766669474702,9.546750763171756,211.74108126846085,21.02763173020261,232.7687129986635,14.018421153468406,19.999999498471656,98.01086578118039,1.9891342188196104
125,30.167637189703623,10.116125144924752,210.99272208285475,21.02763166073786,232.0203537435926,14.018421107158574,19.999999826624137,97.99484736007324,2.005152639926769
126,29.8478814975933,12.021262653111046,202.71926402141324,21.027631734465626,223.74689575587888,14.018421156310417,19.999999485252083,97.97882893891692,2.02117106108308
127,29.953057715484952,10.445745535813492,208.28722511643912,21.02763161911212,229.31485673555127,14.018421079408078,19.999999862350126,97.96281051783751,2.0371894821624874
128,29.912966168273314,10.781228169801954,206.96004483678067,21.027631726020793,227.98767656280143,14.018421150680528,19.999999504435014,97.94679209668683,2.0532079033131683
129,29.842236251684316,11.69002304233765,203.66782088646158,21.02763162278935,224.69545250925094,14.018421081859566,19.999999863059287,97.93077367560498,2.0692263243950273
130,29.956891062615124,11.344243755530442,205.6223972343297,21.027631733360806,226.6500289676905,14.01842115557387,19.999999489512717,97.9147552544494,2.085244745550601
131,29.88437321360826,11.157762290292204,205.60169883798946,21.02763162353488,226.62933046152438,14.018421082356587,19.999999858817134,97.89873683336704,2.1012631666329575
132,29.942897647181685,11.085247039957661,206.2874400575805,21.0276317348834,227.3150717924639,14.018421156588932,19.999999481519197,97.88271841221045,2.117281587789546
133,29.893966983662196,11.101897229549309,205.84604418064964,21.027631624496053,226.8736758051457,14.018421082997367,19.99999985687983,97.86669999112746,2.133300008872544
134,29.84385445376337,11.025859539349332,205.67325701205897,21.027631736412424,226.7008887484714,14.018421157608284,19.999999476937976,97.85068156996985,2.149318430030152
135,29.83605795564063,11.216996854073525,205.03747308290446,21.027631624821606,226.06510470772605,14.018421083214404,19.999999857574203,97.83466314888663,2.1653368511133664
136,29.870257953308577,10.406222221567917,207.7433969617649,21.02763171066871,228.7710286724336,14.01842114044581,19.99999950431943,97.81864472774619,2.1813552722538114
137,30.12633572318981,9.57779842948644,212.27729049705914,21.02763161935058,233.30492211640973,14.018421079567052,19.999999856524845,97.80262630666662,2.197373693333379
138,29.888393289694616,9.623786224840842,210.23578764303437,21.027631734422243,231.26341937745667,14.018421156281496,19.999999436721584,97.78660788551034,2.2133921144896602
139,29.869770950141284,10.71660490824647,206.80835287639087,21.027631625535488,227.83598450192636,14.018421083690324,19.999999853803065,97.77058946442665,2.2294105355733502
140,29.881186158411786,10.365781029072537,207.95214618007662,21.027631719231373,228.979777899308,14.018421146154246,19.999999488517027,97.75457104328049,2.2454289567195045
141,30.14934816112292,4.575684990837535,227.46773031647075,21.027631670610432,248.4953619870812,14.018421113740292,19.999999742137415,97.73855262216675,2.2614473778332442
142,30.131212058669043,7.246954131516901,219.3088340748016,21.02763179223641,240.33646586703802,14.018421194824272,19.999999418651075,97.72253420097194,2.2774657990280693
143,29.93385876544177,8.826353255996748,212.99181035554392,21.027631574938496,234.01944193048246,14.018421049958999,19.99999947043713,97.70651577992197,2.2934842200780277
144,29.925235289656964,8.939579843164482,212.58314278776228,21.02763163685622,233.6107744246185,14.018421091237478,19.999999430325254,97.69049735883073,2.3095026411692654
145,29.87472581559438,9.941434153007727,209.1735040657319,21.02763162573276,230.20113569146463,14.018421083821838,19.999999849261933,97.67447893774691,2.3255210622530877
146,29.87957867668074,9.936777506125607,209.2262968950691,21.027631733324235,230.25392862839334,14.018421155549488,19.99999945977838,97.65846051659136,2.3415394834086376
147,29.873977362699755,9.822436256659238,209.52451013162033,21.0276316227599,230.55214175438022,14.018421081839934,19.999999854173485,97.64244209550952,2.3575579044904775
148,29.89946938990238,9.861079882362297,209.61251547213217,21.02763173735788,230.64014720949004,14.018421158238585,19.99999945937522,97.62642367435129,2.3735763256487163
149,29.8596887877251,9.901039595504395,209.17439151528762,21.027631624147013,230.20202313943463,14.018421082764675,19.999999852634783,97.61040525326851,2.3895947467314813
150,29.923772816768846,9.558041748346238,210.7160572891121,21.02763173522227,231.74368902433432,14.018421156814846,19.999999469138825,97.5943868321117,2.4056131678882964
151,30.007370039160488,8.778687457049639,213.72289794213498,21.02763154360825,234.75052948574327,14.018421029072167,19.999999544620444,97.57836841108262,2.4216315889173687
152,29.938720632997985,9.856756763597515,209.93949477319134,21.02763161688548,230.9671263900768,14.018421077923653,19.99999986518757,97.5623499900047,2.437650009995292
153,30.203742199514366,7.323342214677357,219.65991095208287,21.02763160191658,240.68754255399944,14.018421067944384,19.999999920908433,97.54633156893676,2.453668431063236
154,29.990677029282974,7.750941777298901,216.6725909023671,21.027631761153526,237.7002226635206,14.01842117410235,19.999999505324094,97.53031314776266,2.4696868522373387
155,29.90486685254365,8.549973846651742,213.58901328039397,21.02763159462033,234.61664487501432,14.018421063080222,19.999999641999572,97.51429472669957,2.4857052733004186
156,29.902793556052522,8.088461048993612,214.95696530143937,21.027631734483883,235.98459703592323,14.018421156322589,19.999999415477543,97.49827630554326,2.501723694456742
157,29.89177728161944,9.014830713294623,212.08972611307166,21.027631561596404,233.11735767466803,14.01842104106427,19.999999483531187,97.4822578845022,2.517742115497806
158,29.90601965479893,9.23415833788262,211.54568222474356,21.027631672619272,232.5733138973628,14.018421115079516,19.9999994061735,97.46623946338711,2.5337605366128857
159,29.89035001143052,8.972245770832785,212.2060627789458,21.027631551831554,233.23369433077738,14.018421034554368,19.999999492709815,97.45022104235255,2.5497789576474403
160,29.87577490278238,9.199680827928583,211.4071567384733,21.027631679109703,232.43478841758304,14.018421119406469,19.99999940601643,97.43420262123315,2.565797378766846
161,29.935198320022593,7.823361581578043,216.01150181544665,21.027631791837518,237.03913360728419,14.018421194558346,19.99999919743551,97.4181842000386,2.5818157999614044
162,30.056711415758002,6.844032622371351,219.92159345894999,21.02763174264578,240.94922520159574,14.018421161763857,19.999999754271318,97.40216577887684,2.5978342211231684
163,30.225062438163185,6.61034847280458,221.96945408689174,21.02763164058959,242.99708572748136,14.01842109372639,19.999999874496556,97.3861473577831,2.6138526422168953
164,30.119168246335743,5.2013365397612805,225.34933635140214,21.02763196241472,246.3769683138168,14.018421308276476,19.999999282474594,97.37012893647483,2.629871063525172
165,30.26247996691295,3.0632144348299732,232.9101964308137,21.02763169445923,253.93782812527292,14.01842112963949,19.99999956224924,97.3541105153452,2.6458894846548118
166,31.06338807120872,2.9570881413504006e-09,248.50710456079847,20.41071176655896,268.91781632735746,13.60714117770598,19.99999988716166,97.33850337416749,2.661496625832518
167,32.02128382345897,5.504411782119541e-08,256.17027042253943,17.826747375582272,273.99701779812165,11.88449825038818,19.9999995633084,97.3246188759171,2.675381124082906
168,30.87440668748727,1.4239331920943277,242.72345392361518,21.027631841444567,263.7510857650597,14.018421227629712,19.999999070768816,97.30860045468947,2.6913995453105364
169,34.48363116558588,1.1335179284619721e-07,275.86904898463166,9.080457228850488,284.9495062134821,6.053638152566993,19.999999536926545,97.3005468165369,2.6994531834631035
170,30.945746067942874,0.8524627882965587,245.00858017865332,21.02763158601829,266.03621176467163,14.01842105734553,19.99999979762021,97.28452839547955,2.7154716045204497
171,30.13112453020831,2.5410801609849125,233.42575575871174,21.027631704123472,254.45338746283522,14.018421136082317,19.999999564560824,97.26850997434346,2.7314900256565315
172,31.226950424281135,2.5775267549984915e-08,249.8156033169233,18.232474835588075,268.0480781525113,12.154983223725386,19.9999998900209,97.25435499111974,2.7456450088802566
173,30.070480545701336,2.9468699430293577,231.72323453652263,21.027631633998027,252.75086617052068,14.018421089332017,19.999999822337475,97.23833657003041,2.7616634299695892
174,30.314037646544165,0.9752055348887096,239.58668456768717,21.027631567702002,260.6143161353892,14.018421045134664,19.999999880657622,97.22231814898528,2.7776818510147234
175,35.16986046804713,1.1044023886415906e-08,281.35888371124497,12.019890215557734,293.3787739268027,8.013260143705155,19.999999950833026,97.21230488884157,2.7876951111584285
176,35.03468099958279,7.930048944997818e-09,280.2774479728722,10.435993303872497,290.7134412767447,6.95732886924833,19.999999948943696,97.20334755997231,2.7966524400276778
177,35.84969161099548,1.3506345807002727e-07,286.7975324827734,10.354713833545459,297.1522463163189,6.903142555696974,19.999999101576975,97.19444441741662,2.8055555825833753
178,31.361237879645163,0.8682635674785024,248.2851123347258,21.027631637297922,269.3127439720237,14.018421091531946,19.99999973622896,97.17842599632509,2.821574003674907
179,35.70499179853685,2.4274962191245827e-08,285.63993431546993,7.84940869800987,293.4893430134798,5.23293913200658,19.99999987279935,97.17119305719308,2.8288069428069145
180,41.220638470212805,3.925818705217571e-08,329.7651076439279,1.1685430435054756,330.9336506874333,0.7790286956703172,19.99999948552903,97.16841402849742,2.8315859715025855
181,34.086030648642115,1.2124792178594705e-07,272.68824482539316,15.223225096348674,287.91146992174185,10.148816730899119,19.999999461213566,97.15626521176651,2.843734788233485
182,30.223424051788548,1.7310966517609303,236.59410245902563,21.027631756816884,257.6217342158425,14.018421171211255,19.999999657043155,97.14024679059531,2.8597532094046962
183,30.275756678904997,2.5288205437277838,234.61959180005664,21.027631717712197,255.64722351776882,14.018421145141467,19.999999409161006,97.12422836945017,2.875771630549837
184,30.103758352345274,2.1226886663850033,234.46200081960723,21.02763172574852,255.48963254535573,14.018421150499009,19.99999938820726,97.10820994829966,2.891790051700337
185,30.133218426961033,2.4447598008047793,233.73146801327394,21.0276317281009,254.75909974137485,14.018421152067264,19.999999360406704,97.09219152714759,2.9078084728524045
186,30.165947165814654,5.784671814038841,223.97356188440068,21.027631945914614,245.00119383031534,14.01842129727641,19.99999939778774,97.07617310585032,2.9238268941496814
187,37.83430188909435,1.6738199908310832e-08,302.6744150625402,4.738356836376358,307.4127718989166,3.15890455758424,19.9999998107181,97.07101420129274,2.928985798707267
188,32.84831345511297,5.8426883787324076e-08,262.7865074656231,13.922681269544826,276.7091887351679,9.28178751302988,19.999999608747814,97.0597324137797,2.9402675862202967
189,40.02475224604936,1.5131475483986302e-08,320.19801792300046,1.2297535461122138,321.4277714691127,0.8198356974081424,19.999999879889934,97.0569125780823,2.9430874219177037
190,42.5562762347508,3.341922240478924e-09,340.45020986798056,0.8183763310051613,341.26858619898576,0.5455842206701076,19.999999947551863,97.05436699386163,2.9456330061383738
191,41.39333108376236,5.012009951148361e-09,331.1466486550629,0.3652206893267307,331.5118693443896,0.24348045955115377,19.999999937092706,97.05212351340208,2.9478764865979246
192,37.49349117597923,2.453180273890022e-08,299.94792933423844,4.155691372457383,304.1036207066958,2.770460914971589,19.999999840933512,97.04735305248711,2.9526469475128967
193,30.513376328334843,0.782169999586491,241.76050062791927,21.02763160234617,262.7881322302655,14.01842106823078,19.999999912160742,97.03133463141887,2.968665368581127
194,37.364352821628614,6.583325040337149e-08,298.9148223755292,7.32338561390549,306.23820798943467,4.882257075936993,19.99999939527481,97.02445237434294,2.9755476256570637
195,36.82317874149629,4.1366664213087795e-08,294.58542980787036,5.961552446772511,300.54698225464284,3.974368297848341,19.999999806247263,97.01847800604509,2.981521993954911
196,31.99724270711319,5.400696523810642e-08,255.97794149488467,16.71484591034467,272.69278740522935,11.143230606896447,19.99999967732821,97.00533477543819,2.9946652245618077
197,31.62072310823579,3.827746044306851e-08,252.96578475105395,18.84391513374667,271.8096998848006,12.562610089164446,19.99999959412677,96.99077216534903,3.009227834650972
198,31.070158457282016,2.1043850899208597e-08,248.56126759512463,19.979916187679038,268.5411837828036,13.319944125119358,19.999999892700572,96.97545222122392,3.024547778776091
199,32.05613122032035,3.523517044116756e-08,256.44904965685726,17.98639054847351,274.43544020533085,11.990927032315671,19.999999659772,96.9614612941916,3.0385387058084063
200,41.94850789527715,5.671904425915508e-09,335.58806314520155,0.3958153736348472,335.9838785188364,0.2638769157565649,19.99999988034358,96.95919741727583,3.040802582724163
201,32.46658987262675,7.137609630936321e-08,259.7327187668857,16.269212733717062,276.0019315006028,10.846141822478039,19.999999534067317,96.94635127545335,3.0536487245466404
202,32.91247422944543,1.365629829989913e-07,263.29979342587455,15.598253461804784,278.8980468876793,10.398835641203188,19.999999261425494,96.93395243981216,3.0660475601878434
203,35.05402157617379,4.8770955738110535e-08,280.43217246307745,10.596167237504407,291.0283397005818,7.064111491669606,19.999999784287343,96.92488832832049,3.0751116716795126
204,41.69006695559996,5.472928768255721e-08,333.5205354806118,1.2922868467245907,334.81282232733633,0.8615245644830607,19.99999925287606,96.922026803756,3.077973196243996
205,35.75060985615053,5.127335568283982e-08,286.00487869538415,8.883827763633517,294.88870645901767,5.922551842422345,19.999999576152327,96.91410425191359,3.085895748086418
206,34.92796303520487,3.237100360825268e-08,279.4237041845259,10.553332965991371,289.9770371505173,7.035555310660916,19.99999987131514,96.90506869660292,3.094931303397079
207,30.852399775680894,0.8488552487442285,244.2726324592145,21.027631577250027,265.3002640364645,14.01842105150002,19.9999999174199,96.88905027555143,3.1109497244485786
208,30.91232772434953,0.8975791807849838,244.60588425244129,21.0276317124072,265.63351596484847,14.0184211416048,19.99999927374345,96.87303185440982,3.126968145590183
209,33.51843745431362,4.58560097828237e-08,268.1474994969409,14.535092039624253,282.68259153656516,9.6900613597495,19.99999981751064,96.86134179305007,3.138658206949932
210,32.26050835071347,5.518333146691308e-08,258.0840666401578,16.662917909379278,274.7469845495371,11.108611939586186,19.99999968315128,96.84823318111047,3.151766818889519
211,36.82782256025452,3.5457820191493775e-08,294.62258037566266,6.150288253437684,300.7728686291004,4.100192168958454,19.999999864864463,96.84213298894151,3.1578670110584754
212,40.42305572289834,2.6928049664416747e-08,323.3844457024026,2.5926916610721182,325.9771373634747,1.7284611073814125,19.999999652281574,96.83840452783414,3.161595472165857
213,30.76045532052402,1.3595216648572817,242.0050775696203,21.02763176519322,263.03270933481355,14.018421176795481,19.999999717390562,96.82238610665735,3.1776138933426505
214,30.64962839023401,0.29357292626759124,244.3163083430693,21.027631598050473,265.3439399411198,14.018421065366981,19.999999860247,96.806367685592,3.1936323144080165
215,30.736911057660873,1.9312584405468955,240.10151313964627,21.027631964331796,261.1291451039781,14.01842130955453,19.999999415849228,96.79034926428243,3.2096507357175708
216,34.374545379050026,3.8476665152543365e-08,274.99636291697016,12.72834983019794,287.72471274716816,8.485566553465295,19.99999983909203,96.77986369772896,3.2201363022710363
217,41.17379536028367,3.1222253766323835e-09,329.3903628729027,1.067447718698173,330.45781059160083,0.7116318124654486,19.999999812512357,96.7771520659165,3.2228479340835023
218,32.07105209251437,5.193707868404339e-08,256.56841658430375,17.823547647549525,274.3919642318533,11.88236509836635,19.99999961154612,96.76326970081813,3.236730299181867
219,30.64884596751989,2.65560875464743,237.22394147621682,21.027631623220554,258.2515730994374,14.01842108214704,19.999999842396907,96.74725127973599,3.2527487202640133
220,33.354650870544106,1.7612554157154718e-08,266.8372069115152,13.874687845022857,280.7118947565381,9.249791896681904,19.99999994612637,96.7360014878393,3.2639985121606943
221,31.480353460278536,1.9015086289294567e-08,251.84282762518302,19.404481530907706,271.2473091560907,12.936321020605135,19.999999626746437,96.7210651668187,3.278934833181299
222,33.55022796047599,1.6869475890434511e-07,268.4018231777237,13.428575498182305,281.830398675906,8.952383665454871,19.99999926285207,96.71011278315325,3.2898872168467532
223,40.74048285556185,6.556577886318828e-08,325.9238626477975,2.4488762598756524,328.3727389076731,1.6325841732504345,19.999999249423873,96.70648019897999,3.293519801020004
224,33.66907913625267,3.021214136096922e-08,269.3526329993849,14.6008546092955,283.9534876086804,9.733903072863665,19.999999783575507,96.69474629590712,3.3052537040928684
225,31.808125254489536,4.140809906295589e-09,254.46500202349387,19.95897856534497,274.42398058883884,13.305985710229976,19.99999994027496,96.67944031019691,3.320559689803097
226,30.855790409606165,0.6552636276042634,244.88053239403655,21.0276316083888,265.90816400242534,14.0184210722592,19.999999711555454,96.66342188912465,3.336578110875357
227,39.42317873366757,3.839605042539728e-08,315.38542975415237,2.5557289674826786,317.9411587216351,1.7038193116551188,19.99999975382609,96.659718069813,3.340281930187011
228,43.584943997335124,7.491435682462446e-09,348.67955195620664,0.5603525739797645,349.23990453018644,0.3735683826531764,19.999999905668943,96.65734450143033,3.3426554985696653
229,41.65850492265089,3.073817824883241e-09,333.2680393719857,1.3237177967854317,334.59175716877115,0.8824785311902876,19.999999954579035,96.65446202289914,3.3455379771008564
230,31.217180627813498,0.013531273101811818,249.69685120320256,21.02763157950726,270.7244827827098,14.01842105300484,19.99999994863027,96.63844360184613,3.3615563981538603
231,32.4741185721154,8.456361397430607e-09,259.79294855155416,16.635408319850246,276.4283568714044,11.090272213233497,19.99999995836741,96.62535332963292,3.3746466703670928
232,32.54040967421818,1.3890812224929409e-08,260.323277352073,15.593562154921306,275.9168395069943,10.395708103280871,19.99999993606441,96.61295762152963,3.387042378470374
233,31.53354359711976,6.455396869813174e-09,252.26834875759187,20.21261676105364,272.4809655186455,13.475077840702426,19.999999711839045,96.59748254368893,3.4025174563110765
234,37.69216942973957,2.17901634863758e-08,301.5373553725461,4.898620257054329,306.4359756296004,3.265746838036219,19.999999896370475,96.59221679685088,3.4077832031491133
235,43.14855167960421,1.7992303984733264e-08,345.1884133828568,1.190491619844384,346.3789050027012,0.793661079896256,19.99999971477701,96.58942313577099,3.4105768642290117
236,32.07917562717803,3.19837003810584e-08,256.63340492147313,18.541592899598214,275.1749978210714,12.361061933065475,19.999999604031537,96.57506207383793,3.4249379261620763
237,30.504247530005415,2.392785364221599,236.85562414737853,21.027631771902428,257.88325591928094,14.018421181268282,19.99999928052012,96.55904365265665,3.440956347343344
238,30.519465316130784,4.454812411599797,230.79128529424688,21.027631743572798,251.81891703781966,14.018421162381866,19.999999747634174,96.54302523149427,3.456974768505726
239,30.50952305920863,2.0657261961339604,237.87900588526716,21.02763168137934,258.9066375666465,14.01842112091956,19.999999833175774,96.52700681037335,3.4729931896266457
240,30.852313224012235,3.106877738662466,237.49787257611047,21.027631618462674,258.52550419457316,14.018421078975113,19.9999998941431,96.51098838929438,3.489011610705621
241,31.052119824947532,1.8762129422997837e-09,248.41695859395162,20.470744951708532,268.88770354566014,13.647163301139017,19.999999966450186,96.49534122599323,3.50465877400676
242,30.59862282154448,4.382486419656525,231.6415233133863,21.027631611437265,252.66915492482357,14.018421074291505,19.999999932832306,96.47932280491894,3.520677195081053
243,30.683623551599553,6.269879923223529,226.65934864312584,21.027631607572815,247.6869802506987,14.01842107171521,19.99999994083371,96.46330438384723,3.536695616152769
244,33.8315530309501,3.053347296695271e-08,270.65242415600034,16.287523989322683,286.939948145323,10.85834932621512,19.99999976928522,96.45044603452101,3.549553965478986
245,33.79753081759198,1.6386911345859515e-08,270.3802464915751,16.553634264167826,286.93388075574296,11.035756176111882,19.99999992631649,96.4374102783449,3.562589721655097
246,38.57322715403926,9.230073397983644e-09,308.58581720462394,4.268454404125784,312.8542716087497,2.8456362694171906,19.999999942270815,96.43256464207549,3.5674353579245137
247,41.2425119155901,1.3084561524451725e-07,329.94009493218397,4.362612887592459,334.30270781977646,2.908408591728306,19.999998765456482,96.42765623348376,3.5723437665162416
248,31.721873750748358,3.216631735173648e-08,253.77498990948786,19.679189865510338,273.45417977499824,13.119459910340229,19.999999809032747,96.41253677357342,3.5874632264265784
249,31.733051107121558,2.6655142898207662e-08,253.864408777007,19.355983989222945,273.22039276622996,12.903989326148633,19.999999621791282,96.39763278424726,3.602367215752728
250,30.804546202060724,2.5868484260555196,238.67582433831925,21.027631653105505,259.7034559914248,14.01842110207034,19.99999979375017,96.3816143631452,3.6183856368547977
251,40.302585150267944,3.440392270693348e-08,322.42068109893177,2.0474969436188775,324.4681780425507,1.3649979624125854,19.999999684713853,96.37824936518278,3.621750634817209
252,43.3956250401462,0.0,347.1650003211696,9.906300800876117e-08,347.16500042023256,6.604200533917412e-08,19.99999992674081,96.37624936511675,3.623750634883253
253,44.81201215288721,0.0,358.4960972230977,2.3248399951306226e-07,358.4960974555817,1.5498933300870814e-07,19.99999975448152,96.37424936496176,3.625750635038241
254,44.250269560560625,0.0,354.002156484485,2.4947117984685344e-07,354.0021567339562,1.6631411989790228e-07,19.9999997434066,96.37224936479545,3.627750635204556
255,31.3141695883772,1.460421454432012,246.1320923437216,21.027631679826857,267.15972402354845,14.018421119884575,19.99999981148971,96.35623094367556,3.6437690563244405
256,30.576309112349072,3.2404723417439927,234.8890558735606,21.027631627822927,255.91668750138354,14.018421085215289,19.999999878621477,96.34021252259033,3.6597874774096555
257,30.84133291799393,3.3160145274508226,236.78261976159897,21.027631699385203,257.81025146098415,14.018421132923466,19.99999969943579,96.32419410145742,3.6758058985425794
258,31.096868864320935,3.653633090312346,237.81405164363048,21.027631625784785,258.8416832694153,14.018421083856524,19.99999980292217,96.30817568037357,3.6918243196264346
259,30.757861196544333,3.3559979695876105,235.99489566359182,21.027631638857017,257.02252730244885,14.018421092571348,19.999999710778248,96.292157259281,3.707842740719007
260,30.691754940869295,3.649686133840455,234.584981125433,21.027631822911896,255.6126129483449,14.0184212152746,19.999999479335603,96.27613883806572,3.723861161934281
261,30.5079243991588,4.689783279986219,229.99404535331172,21.027631675114876,251.02167702842658,14.018421116743253,19.999999776179937,96.26012041694898,3.7398795830510236
262,30.823442120290416,4.598095809988047,232.7932495323592,21.027631639631053,253.82088117199024,14.01842109308737,19.999999870809436,96.24410199585589,3.7558980041441115
263,30.68459129944023,2.302209543865874,238.5701017639242,21.027631893249808,259.597733657174,14.01842126216654,19.999999260376626,96.22808357459373,3.7719164254062783
264,30.90102513922737,4.428363778995457,233.92310977683258,21.027631695619025,254.95074147245165,14.018421130412683,19.999999704162757,96.21206515346331,3.7879348465366918
265,30.861951913418956,5.984445246120028,228.94227956899158,21.02763165284462,249.96991122183618,14.018421101896411,19.999999866979863,96.19604673236142,3.803953267638587
266,30.58087305710655,7.743691451814809,221.41591010140797,21.027631650788802,242.44354175219672,14.018421100525863,19.99999985923429,96.18002831126088,3.8199716887391126
267,30.79073379684665,6.441794334602598,227.0004873709654,21.027631622870487,248.0281189938359,14.01842108191366,19.999999903963886,96.16400989017897,3.8359901098210254
268,30.79712418905016,3.4691801398425453,235.9694530928736,21.027631622329217,256.99708471520285,14.018421081552816,19.999999921651675,96.14799146909743,3.8520085309025784
269,30.664479450603793,7.941262642105505,221.4920476785138,21.02763170071266,242.51967937922646,14.018421133808438,19.99999974415565,96.13197304796361,3.868026952036388
270,30.670795083215673,8.492701445187837,219.88825633016185,21.02763172992052,240.91588806008238,14.018421153280347,19.999999712171977,96.11595462681034,3.884045373189668
271,30.63664005193756,8.878714494289099,218.4569769326332,21.027631724360493,239.48460865699371,14.018421149573665,19.99999973667426,96.09993620566077,3.9000637943392418
272,30.666409773550605,8.511219414749085,219.7976199441576,21.027631735730786,240.82525167988834,14.018421157153856,19.999999580298518,96.0839177845036,3.9160822154963943
273,30.63839045086025,8.323418958916884,220.13686673013135,21.0276316365699,241.16449836670122,14.018421091046598,19.99999981189367,96.06789936341255,3.9321006365874407
274,30.643454428461393,8.623906760437722,219.275915146378,21.02763175834145,240.30354690471944,14.018421172227637,19.99999958079214,96.05188094224033,3.948119057759669
275,30.647870930524427,8.897370033086474,218.490857344936,21.02763172826212,239.5184890731981,14.018421152174742,19.999999729783305,96.03586252108815,3.9641374789118453
276,30.58691281308653,9.944223617127928,214.86263165330848,21.027631672428853,235.89026332573735,14.01842111495257,19.999999840977992,96.01984409997321,3.980155900026796
277,30.606089150129456,9.981809519339809,214.90328464301626,21.027631664391052,235.9309163074073,14.018421109594033,19.99999984882795,96.0038256788636,3.9961743211363907
278,30.600218452958874,9.694391813320753,215.71857218370877,21.027631691102492,236.74620387481124,14.01842112740166,19.99999977196265,95.98780725773621,4.0121927422637915
279,30.652291992584328,8.671554258909365,219.20367316394652,21.027631715390473,240.23130487933696,14.018421143593645,19.9999997457949,95.97178883659262,4.028211163407385
280,30.902103932133375,9.55208872665029,218.56056527711615,21.02763160945761,239.58819688657374,14.018421072971737,19.999999899716048,95.95577041551965,4.044229584480356
281,30.606636917727684,9.436365248724705,216.54399959564734,21.02763167568989,237.57163127133722,14.018421117126593,19.999999791537558,95.93975199440251,4.060248005597485
282,30.70516061089323,8.494041120553945,220.15916152548402,21.027631659696766,241.18679318518076,14.018421106464512,19.99999986594581,95.92373357329606,4.076266426703949
283,30.610968079637964,9.97319849217813,214.9681491605693,21.027631691682085,235.99578085225141,14.01842112778806,19.99999976305129,95.90771515216827,4.0922848478317375
284,30.5440909247877,10.263542127639296,213.56210101538372,21.02763169356647,234.58973270895015,14.018421129044311,19.999999760887352,95.89169673103922,4.108303268960781
285,30.551171176442022,10.512208293630366,212.8727445306451,21.02763172009627,233.90037625074132,14.018421146730848,19.999999682739404,95.87567830989249,4.124321690107512
286,30.514890919598276,10.816481121775272,211.6696839914604,21.02763168240568,232.6973156738661,14.018421121603788,19.999999747841528,95.85965988877089,4.140340111229115
287,30.540865446790303,10.396972649486425,213.13600562586313,21.027631687630677,234.1636373134938,14.018421125087121,19.99999973164149,95.8436414676458,4.156358532354202
288,30.585065974417315,10.177035276197104,214.14942196674718,21.027631726769282,235.17705369351643,14.018421151179524,19.999999643203616,95.82762304649461,4.172376953505382
289,30.554829768950565,10.47510786271313,213.01331456346514,21.027631750645043,234.0409463141102,14.01842116709669,19.99999959336998,95.81160462532752,4.188395374672479
290,30.55357829729588,10.609792762930592,212.59924808957527,21.02763175237977,233.62687984195503,14.01842116825318,19.99999962844537,95.79558620415926,4.204413795840733
291,30.572789379477477,10.533040243853588,212.9831943042591,21.02763172406789,234.01082602832696,14.018421149378593,19.99999973427081,95.7795677830099,4.220432216990113
292,30.64732384299021,9.99343186094789,215.19829516107802,21.02763166912377,236.2259268302018,14.01842111274918,19.999999856126603,95.76354936189713,4.236450638102861
293,30.6549412051675,10.064237360569983,215.04681755963009,21.0276316445739,236.07444920420397,14.018421096382598,19.999999895890507,95.74753094080076,4.252469059199243
294,30.690636511097974,9.987689271205491,215.56202427516735,21.02763161793993,236.58965589310725,14.018421078626623,19.999999932646134,95.73151251972213,4.268487480277871
295,30.85996014473983,8.524412716550362,221.30644300826754,21.027631599524533,242.33407460779205,14.018421066349688,19.99999995944802,95.71549409865578,4.284505901344221
296,30.738116432404833,8.378083384573024,220.7706813055196,21.027631594996407,241.79831290051607,14.01842106333094,19.999999970044282,95.69947567759245,4.300524322407553
297,31.09474617626856,6.3292624714678185,229.77018199574502,21.02763205388845,250.79781404963353,14.01842136925897,19.999999153046026,95.68345725622319,4.316542743776813
298,30.86767073592756,8.238786565280492,222.225006191579,21.02763181571549,243.2526380072945,14.018421210476996,19.999999182772875,95.6674388350127,4.332561164987289
299,31.046198733957425,8.793166832567726,221.99008937395624,21.02763164194492,243.01772101590115,14.01842109462995,19.999999815958358,95.65142041391809,4.348579586081918
300,30.84138902166525,8.699941439666759,220.63128785432173,21.0276316200032,241.65891947432493,14.018421080002131,19.999999912589832,95.63540199283807,4.364598007161919
301,31.01696749739659,6.768804890207428,227.82932530855044,21.027631917621846,248.85695722617226,14.018421278414566,19.999999308964764,95.61938357155967,4.380616428440333
302,31.24906820793244,4.243873496816285,237.26092517301063,21.027631836979154,258.2885570099898,14.018421224652771,19.999999497156463,95.60336515033502,4.396634849664985
303,31.88493094818832,3.435779248947584,244.7721098386638,21.027631659069684,265.79974149773346,14.018421106046457,19.99999970245507,95.58734672922897,4.412653270771032
304,31.361582953908734,4.766307535335957,236.59374102526198,21.027631637209993,257.62137266247197,14.018421091473325,19.999999863214594,95.5713283081375,4.4286716918625055
305,31.251458081432915,7.180136782565588,228.47125430376656,21.027631767740026,249.4988860715066,14.018421178493346,19.99999913143734,95.555309886959,4.444690113041001
306,32.81068910227403,2.1138461740592694e-08,262.4855127547769,19.58251708737628,282.0680298421531,13.055011391584184,19.99999983487647,95.54025487556741,4.459745124432586
307,32.795746385376425,6.339065475862537e-08,262.3659708928394,17.377685979363566,279.74365687220296,11.585123986242376,19.999999499292734,95.52666975158117,4.4733302484188275
308,31.318544392984876,4.7140780259988695,236.40612106588236,21.027631704623815,257.4337527705062,14.018421136415881,19.999999789834554,95.51065133044476,4.489348669555243
309,31.15636630047269,5.595094311088162,232.46564747051707,21.027631635812682,253.4932791063297,14.018421090541786,19.99999989171279,95.49463290935421,4.505367090645784
310,31.22361827399975,5.9228874989979605,232.02028369500408,21.02763196602313,253.04791566102728,14.018421310682088,19.999999398433236,95.47861448804353,4.521385511956466
311,32.255777117495754,2.7971894970547847e-08,258.0462168560503,20.4876783649166,278.53389522096694,13.658452243277726,19.999999833045884,95.46295603580026,4.537043964199742
312,31.422426924084704,4.581999393163232,237.63341721318795,21.027631614740226,258.6610488279282,14.018421076493484,19.99999990535794,95.44693761472377,4.553062385276234
313,31.325136530610052,5.0815083746022065,235.3565671210738,21.027631851105667,256.38419897217943,14.018421234070445,19.999999500774436,95.4309191934897,4.569080806510304
314,31.34218372112127,6.248082270216386,231.99322295832098,21.02763169204618,253.0208546503672,14.018421128030786,19.999999829991427,95.41490077236166,4.5850992276383336
315,31.180083294907295,5.928203841700984,231.65605483415538,21.02763162446648,252.68368645862188,14.01842108297765,19.999999925089845,95.39888235127869,4.601117648721312
316,31.146885990043863,5.785243326908743,231.81935793962464,21.027631800250667,252.8469897398753,14.018421200167111,19.999999674770223,95.38286393007851,4.61713606992148
317,31.132988701337794,6.563120585436707,229.37454785439226,21.027632001788618,250.40217985618085,14.018421334525744,19.999999189991865,95.36684550874399,4.633154491256005
318,31.10155745032745,7.632529870878288,225.9148699899847,21.027631556046188,246.94250154603094,14.018421037364124,19.99999939765443,95.35082708770663,4.649172912293369
319,30.987417121817742,8.52065260838221,222.33737914939536,21.027631641283484,243.3650107906788,14.018421094188987,19.999999817154382,95.33480866661243,4.6651913333875585
320,30.99455863587616,7.267024743792341,226.15539485563227,21.0276318600054,247.1830267156376,14.018421240003601,19.999999383902235,95.31879024537244,4.68120975462756
321,31.147469221527484,7.414621629191807,226.93588888464447,21.02763177141411,247.96352065605856,14.01842118094274,19.99999928643803,95.3027718241915,4.697228175808503
322,31.246282832754993,7.153520587041507,228.50970090091545,21.02763166699801,249.53733256791344,14.018421111332003,19.999999851948473,95.28675340308017,4.713246596919833
323,31.25434370465856,5.866409007293445,232.4355226153881,21.027631619170567,253.46315423455866,14.018421079447045,19.999999930051757,95.27073498200072,4.729265017999281
324,31.276596817768457,7.271716506352056,228.39762502309148,21.027631651381522,249.42525667447296,14.018421100921014,19.999999611805837,95.2547165608998,4.745283439100201
325,31.05009420179274,7.77935409534103,225.06269132831883,21.027631527392856,246.0903228557117,14.018421018261906,19.999999633083007,95.23869813988154,4.761301860118464
326,31.10714400174605,8.054633433911093,224.69325171223517,21.027631618568286,245.72088333080342,14.018421079045527,19.999999872854097,95.2226797188025,4.77732028119751
327,31.222061254547413,6.330165865294622,230.78599244049542,21.027631967891868,251.81362440838728,14.018421311927913,19.99999931931136,95.20666129749056,4.793338702509439
328,30.99315865227122,7.816651944965496,224.49531338327324,21.027631662114306,245.52294504538756,14.018421108076202,19.999999337703873,95.19064287638248,4.809357123617515
329,31.01555193236072,7.774105973731476,224.8020975376913,21.027631634413744,245.8297291721051,14.018421089609165,19.99999938757208,95.17462445529287,4.825375544707124
330,31.021802859425975,7.785021841962137,224.81935734952137,21.027631570884623,245.84698892040598,14.018421047256421,19.999999466128028,95.15860603424562,4.841393965754383
331,31.64923304364099,3.275200548193809,243.36826270454648,21.02763166227835,264.3958943668249,14.01842110818557,19.99999972260829,95.14258761313744,4.8574123868625705
332,31.276834467844566,4.795959423063196,235.82679747356696,21.027631977631362,256.8544294511983,14.01842131842091,19.999999153953446,95.12656919181902,4.873430808180991
333,31.05629458129675,6.743654818712055,228.21939219423786,21.027631721835416,249.24702391607326,14.018421147890276,19.999999818272283,95.11055077067113,4.88944922932888
334,31.09061405244507,5.618700192919685,231.8688118408015,21.02763198911508,252.8964438299166,14.01842132607672,19.99999939513575,95.09453234934504,4.905467650654958
335,31.25294321188364,3.4859966094513286,239.56555586671516,21.02763165878704,260.5931875255022,14.018421105858026,19.99999972417218,95.07851392823919,4.921486071760817
336,31.39760372082266,1.8323213966280854,245.68386557669703,21.027631724331133,266.71149730102815,14.01842114955409,19.999999739352976,95.06249550708962,4.937504492910371
337,30.785105021186936,8.53639658720644,220.6716504078762,21.02763161240312,241.6992820202793,14.01842107493541,19.99999989687607,95.04647708601469,4.9535229139853065
338,30.969062303651015,7.339492261592431,225.73402164443084,21.02763167771631,246.76165332214714,14.01842111847754,19.999999567268272,95.03045866489622,4.969541335103784
339,31.369916444941033,5.34779735954173,234.9159394809031,21.02763194912783,255.9435714300309,14.018421299418556,19.999999467241597,95.0144402435968,4.985559756403203
340,31.83831442041318,3.817447598986848,243.2541725663449,21.027631655421267,264.28180422176615,14.01842110361418,19.999999720728745,94.99842182249319,5.001578177506816
341,30.95375888831294,8.304549363805188,222.7164230150879,21.02763161093014,243.74405462601808,14.018421073953427,19.9999998929099,94.98240340141922,5.017596598580772
342,30.73836158144212,8.686302087988015,219.84798638757294,21.027631593917647,240.87561798149056,14.018421062611766,19.999999949063753,94.96638498035662,5.033615019643383
343,30.705257417715558,8.57971278661801,219.90292098187038,21.027631587473323,240.93055256934377,14.018421058315552,19.999999971172667,94.9503665592983,5.0496334407016965
344,30.72358463747817,8.428737545439857,220.50246446350582,21.0276315850675,241.5300960485733,14.018421056711674,19.99999998024393,94.9343481382416,5.065651861758408
345,30.79732420436424,7.405356738920288,224.16252341815306,21.027631725149064,245.19015514330215,14.018421150099371,19.999999562667377,94.9183297170915,5.081670282908506
346,30.916576682375585,5.997267500193535,229.3408109584241,21.027631677013083,250.36844263543713,14.018421118008723,19.999999820864744,94.90231129597349,5.097688704026517
347,30.633043421898478,9.189498422788043,217.49585210682372,21.027631618015352,238.52348372483905,14.018421078676905,19.999999912336524,94.8862928748948,5.113707125105193
348,30.623582259927264,9.268119976823366,217.18429814894805,21.027631604273267,238.2119297532213,14.018421069515512,19.99999994644557,94.8702744538253,5.129725546174707
349,30.64646035160018,8.896659676380839,218.4817037836589,21.027631595655393,239.50933537931428,14.018421063770262,19.99999996243019,94.85425603276153,5.145743967238477
350,30.655210612371537,8.835053362367422,218.73652481187005,21.027631592776125,239.7641564046462,14.018421061850749,19.999999969188373,94.83823761169967,5.1617623883003265
351,30.674911772450557,8.542253546741602,219.77253353937968,21.027631590222853,240.80016512960253,14.018421060148569,19.99999997346029,94.82221919063953,5.177780809360478
352,30.656807466755065,8.706005448584692,219.13644338828644,21.027631591970632,240.16407498025706,14.018421061313749,19.9999999723502,94.80620076957821,5.193799230421791
353,31.87416730825648,8.827467476530106,228.51093603646154,21.027631595452092,249.5385676319136,14.018421063634731,19.999999968165852,94.79018234851458,5.209817651485426
354,31.85922057000811,8.90859959871377,228.14796576392354,21.02763159933125,249.17559736325478,14.018421066220835,19.999999962637293,94.77416392744836,5.2258360725516475
355,31.8478581469733,8.828722757257518,228.2966969040138,21.02763160284404,249.32432850685785,14.018421068562692,19.999999957138005,94.75814550637979,5.24185449362021
356,31.83223217012803,9.07239302797284,227.4406782771057,21.02763160965641,248.46830988676209,14.018421073104275,19.99999994752482,94.74212708530669,5.257872914693312
357,31.867482229804686,8.3978748898241,229.7462331689652,21.027631602233622,250.7738647711988,14.01842106815575,19.999999957078987,94.72610866423852,5.273891335761467
358,31.886536920168364,8.006936021385883,231.07148729718924,21.027631603143348,252.09911890033266,14.01842106876223,19.99999995971134,94.71009024316977,5.289909756830229
359,31.86863533942252,7.872516266204446,231.33153391676683,21.02763160620278,252.35916552296962,14.01842107080185,19.999999956063753,94.69407182209896,5.3059281779010306
360,31.819066129163236,8.549453289685292,228.90416916425,21.02763161142955,249.93180077567956,14.018421074286364,19.999999943448774,94.67805340102468,5.321946598975318
361,31.892839026788206,0.7691285918660218,252.83532643870754,21.02763157932526,273.8629580180328,14.018421052883507,19.99999995642549,94.66203497997179,5.337965020028201
362,31.751233939678443,8.934264147796855,227.20707907403693,21.02763164695181,248.23471072098874,14.018421097967872,19.999999866842032,94.64601655887384,5.353983441126168
363,31.69457474874444,9.949581705856506,223.70785287238596,21.02763168854378,244.7354845609298,14.018421125695852,19.999999789154487,94.62999813774815,5.370001862251863
364,31.693019745224447,9.801608148359907,224.13933351671585,21.027631678743575,245.1669651954594,14.018421119162383,19.99999977184283,94.61397971662898,5.386020283371024
365,31.690423176780627,9.718831538597552,224.36689079845237,21.027631711934003,245.39452251038637,14.018421141289338,19.999999701067622,94.59796129548769,5.402038704512312
